{"gates": [[[382.0, 55], "AndGate"], [[382.0, 385], "AndGate"], [[500.0, 55], "NotGate"], [[525.0, 385], "NotGate"], [[173.0, 47], "AndGate"], [[173.0, 392], "AndGate"], [[270.0, 392], "NotGate"], [[263.0, 47], "NotGate"]], "buttons": [[[701.0, 70], "Bulb"], [[688.0, 400], "Bulb"], [[69.0, 54], "Switch"], [[80.0, 414], "Switch"], [[133.0, 243], "Button"]], "wires": [[[420.3333333333333, 70.0], [485.0, 70.0]], [[420.3333333333333, 400.0], [510.0, 400.0]], [[535.0, 70.0], [683.5, 70]], [[560.0, 400.0], [670.5, 400]], [[535.0, 70.0], [367.0, 392.5]], [[560.0, 400.0], [367.0, 77.5]], [[86.5, 54], [158.0, 54.5]], [[97.5, 414], [158.0, 414.5]], [[211.33333333333334, 62.0], [248.0, 62.0]], [[298.0, 62.0], [367.0, 62.5]], [[211.33333333333334, 407.0], [255.0, 407.0]], [[305.0, 407.0], [367.0, 407.5]], [[158.0, 253.0], [158.0, 69.5]], [[158.0, 253.0], [158.0, 399.5]]]}